{
    "loss": 2.6399147510528564,
    "accuracy": 0.5862069129943848
}